SECTEUR SAINT-DANIEL,"Longueur
et durée",Degré de difficulté,Lieu de départ,Recommandé aux familles
"La Tourbière
Accessible en poussette à grosses roues","5 km
2 h (boucle)",Facile,Stationnement du sentier de la Tourbière,X
"Le Sous-bois
Les chiens sont admis dans ce sentier, selon certaines conditions.","3,2 km
1 h (aller-retour)",Facile,Stationnement Rivière-aux-Bluets,
"Le Littoral
Les chiens sont admis dans ce sentier, selon certaines conditions.","16 km
5 h (randonnée, aller-retour)
2 h (vélo, aller-retour)",Facile,Stationnement du centre de services Saint-Daniel,X
SECTEUR SUD,"Longueur
et durée",Degré de difficulté,Lieu de départ,Recommandé aux familles
"L'Érablière
Accessible en poussette à grosses roues","3,2 km
1 h 30 (boucle)",Facile,Stationnement du centre de découverte et de services Sud,X
La Colline,"7,4 km
2 h 45 (boucle)",Facile,Stationnement du centre de découverte et de services Sud,
Les Grands-Pins,"5,7 km
2 h (boucle)",Facile,Camping Baie Sauvage,X
"Les Passereaux
Accessible en poussette à grosses roues","13 km
5 h (randonnée, aller-retour)
1 h 30 (vélo, aller-retour)",Intermédiaire,Stationnement du centre de découverte et de services Sud,
Le Massif de Winslow,"10,2 km
3 h 30 (boucle)",Intermédiaire,Fin du chemin du lac des Îles,
